speed,acceleration,steering_angle
0.004796278008338702,0.38021935734460444,0.2882449919574103
0.10634487671292264,0.41147696543084056,0.30791076068132694
0.14979019205313182,0.5233095239059744,0.05154122615158015
0.23862943552196256,0.2560894184943977,0.36806946590480527
0.3245890167489299,0.35236703068453984,0.4871473400344146
0.3666946879526387,0.5417011109663176,0.4973495263197014
0.4183801126896158,0.5095125784317136,0.11978903213001901
0.45857272128044935,0.42509234765566445,0.04363949491660862
0.4386139909606439,0.46318290586564587,0.18690404326750096
0.5027754844371431,0.4553258529026854,0.1426516430768442
0.5551232471630589,0.2821665753176291,-0.22603966911619688
0.5847286312021927,0.5745859541825431,-0.37021484152056716
0.6091758831678774,0.5473193249460023,-0.12638175588182082
0.6786437340595883,0.5096416479030258,-0.04808157247661171
0.7395575692046421,0.3124323227793483,0.05933020585165488
0.7435816090997868,0.5476042587426971,-0.029184781832442556
0.6833707064844567,0.4103664816870698,0.48636498607783435
0.8047304246144997,0.5950005395507181,0.25556828231828915
0.8523769444818979,0.5326845223970014,0.1335835256787918
0.8374915230823003,0.4220298119340121,-0.1730727609748345
1.0239364957821935,0.5150489078110594,-0.08889575698323095
1.1771732062652667,0.4217952173700161,0.18904248256994688
1.1885744115889358,0.6622920499341374,0.1552517083260505
1.2628055926530555,0.43896779826526655,0.0496457905547285
1.3013562591754453,0.5962641289999702,-0.13027049510095212
1.3776137565164053,0.5724083251525877,-0.16201671557124403
1.3711970415076378,0.4129695045438926,0.02541274422259099
1.4244920298875334,0.39037342047186446,-0.1750459697820449
1.5290826309273184,0.5301322800949634,-0.22768699464013464
1.5744764445683408,0.41539829835442943,-0.39419522915799954
1.4291334591649596,0.4558233976773987,0.17798612383204107
1.472955090859993,0.5338022658875141,0.3431775831609339
1.5374914721761517,0.4237373035784848,0.5907586914734009
1.499408514414514,0.486270899632073,0.35224494052155914
1.5791756072467256,0.5512423732371603,0.39604995319985037
1.6959747052278276,0.5789672804750672,0.26341021422552546
1.7753305395175731,0.588751161441627,0.2756627283043078
1.7589137364032301,0.4856537770369311,0.3493006459420386
1.8615563586126012,0.6169207646952622,0.3719268966416291
1.9049838468948201,0.3972289135911511,0.2944964110656506
2.0083928964116855,0.6000485607762105,0.2275614648052427
2.04918691272076,0.5816152722881371,0.40212033518528345
2.156297649194512,0.5853997786494901,0.054288492225231966
2.1721566035207713,0.48570090652924736,-0.02854399395778584
2.3784649863704934,0.36699259344852153,-0.1424882671036714
2.388224538978783,0.4040105367886094,0.3000046391528696
2.4109102552207533,0.36814298392418876,0.29926501713349263
2.4816827353806437,0.5910512218494668,0.31044846469253445
2.5686885895831253,0.6364433447320319,0.18518612465836098
2.418475597258011,0.7783938046489838,0.13199015381080076
2.447094051959864,0.5606975709568625,-0.05490969500407154
2.5202676190106548,0.5336398763786252,-0.18529874480293473
2.506915701643242,0.43906266241155867,-0.18305038501928275
2.5019701689852587,0.6096329789541088,-0.3166156606830893
2.5620666224852306,0.3694302445958909,0.1154585794579081
2.6508767425889177,0.5449774038488734,-0.06795638642595728
2.6952211234397696,0.565679733116398,-0.057358608470096856
2.770227831281886,0.48346903854464374,-0.4664801214879898
2.8845904504086484,0.6889547656126583,-0.12788937629159758
3.0230109589673715,0.45872383868098937,0.11611032033475464
3.0236416755414988,0.44587145583600324,0.3017482089419332
3.072660364803959,0.4608598187918168,0.12143805268235902
3.109121491056557,0.4892805524838874,-0.10441193371593108
3.175348799462231,0.42673077986961555,-0.1512153907700306
3.2943932853939417,0.46315500109133034,-0.10428192739077467
3.383121559941364,0.4680644922185222,0.3127016269607948
3.474475089250206,0.42123980896411284,0.15062282835762786
3.561783454395383,0.46606137068218034,-0.16424008806861784
3.595070104806381,0.4518751866176494,-0.35885494312755567
3.5765338410043714,0.5001813611194676,-0.19827949847737686
3.6065365332284443,0.5567768367757625,0.45217897369849397
3.6749662110328605,0.5749105676964323,0.515563479586429
3.6687027545340944,0.5446289348001918,0.3461858201224896
3.650498786556163,0.4331025172683315,-0.026977882355856783
3.646256733011707,0.5110299578633422,-0.37988499108199214
3.699739553989295,0.6554922676636602,-0.24188514307674475
3.727098006511707,0.6951280085735754,-0.25452758764080774
3.8489117156532595,0.49099213668197933,-0.4034056775778015
3.9597198316686995,0.6678305509822895,-0.48801206850885576
4.077020471126281,0.46322372173469734,-0.34318712574692195
4.264535545678906,0.3465934881301072,-0.25444353061256275
4.28977054009989,0.43731421304618456,-0.3036121328671616
4.318080901110627,0.3455001051403003,-0.02667023375654526
4.369694465753186,0.479979510426893,0.06287486940643144
4.388689096833667,0.5201907441802796,0.27076120134050596
4.25425827241342,0.6813666575878907,0.1305547550305052
4.318738692382045,0.47415822641825645,0.27784570491709726
4.402357533236419,0.34183460743854543,0.2868221051578397
4.427523355121499,0.4682631214729357,-0.0694899696278266
4.399182992146922,0.6326503887436774,0.05600155909391588
4.522320089701587,0.39806585327599286,-0.26906771124288886
4.608154360639472,0.4425798551192321,-0.02066493399657998
4.623296756743729,0.5647558109013714,-0.39598490392428026
4.711321961721713,0.4460254640675406,0.0431317975345
4.845041366379992,0.24356580185393062,0.0013232624919659042
4.937208886492103,0.483192921079447,0.14528667702358292
4.932481272145767,0.4528122475882131,-0.010251493086662691
5.047857022383442,0.5366909417096974,-0.13964130198651448
5.043045070887008,0.4012770792327075,-0.19279091483086935
5.02033237141018,0.4243093909488404,-0.2359536507334621
5.035254902770288,0.4505106572434719,-0.04081645108131611
5.102232232920284,0.34854251561837624,0.13021001308882485
5.088115349421494,0.5780275164420001,0.06388526784300151
5.153963142749969,0.6399596647852733,-0.1623556925164657
5.3444487673714525,0.6372377796547246,-0.1692256740347123
5.392535195489772,0.4305854046492506,-0.062441326350124976
5.408981907549999,0.5319537578868715,0.2765180867001377
5.449216939178946,0.4355724819832052,0.10216723647993692
5.5499303788856915,0.41514793006120865,0.025243715846787182
5.507872778984924,0.15218307863634434,0.22245828349723723
5.565936711440759,0.4436741388539637,0.4660344069920545
5.724004712243927,0.6149623078833082,0.5508034433298863
5.862772937704214,0.5054070874260487,0.05196103396604487
5.886164015969478,0.5251194972219674,0.05356063019776475
5.975204655798806,0.473675828742804,0.25011426710880924
5.938234990385583,0.480532973812252,0.5267329124779327
5.862062688716493,0.3476839129528239,0.0938437518124301
5.797125419573568,0.5485094111613276,-0.2782610024646362
5.838623901999507,0.6611792765718436,-0.5184666606562758
5.906992189530876,0.599711522189782,-0.09069457172256182
6.107121236500118,0.3634335213516344,0.032004034792491705
6.1684483490866455,0.4764140191849323,0.023367142206469467
6.247044612516884,0.5786033955712083,-0.10625229165928096
6.297867455647743,0.43747618164464436,-0.08651409563366183
6.27484120976513,0.37739469958018973,-0.027156494169925376
6.19819526223228,0.5799691222585207,0.06052509447133353
6.2145786781095165,0.6780729438145223,0.16209172606215372
6.220826102107733,0.5471826991266396,0.06912917025972608
6.184972702867707,0.5293666023609466,0.06149744936930808
6.2412257678744725,0.34394940856173295,-0.2649562381063688
6.40205169987608,0.634309881810773,0.09099690086741746
6.552005260927494,0.5401560568125998,-0.1327622592173032
6.645876648234057,0.3476923761119647,-0.1878184204722418
6.786112791491482,0.4988772556620362,-0.8419683251718655
6.8943461876912355,0.47937610410441334,-0.6650753500091865
6.884683395527859,0.6795164556638964,0.044040313709977186
6.911731708786128,0.3253838441338809,0.28790136201335387
6.969933690907877,0.5640582006949152,0.32340396349995637
6.928573515904086,0.47865273630926664,-0.39352471742826567
6.904796066023354,0.588192991038324,0.07293799185093958
6.938589158703481,0.6997008156842945,-0.05088241490241949
6.982500126337823,0.7389878272218324,0.49328529077140393
7.0193059189027815,0.5488044079378749,0.260674689234022
7.169289068482091,0.44054839472757507,0.5338972567694071
7.311835888645104,0.5543483152963777,0.428477730533775
7.324518333389459,0.4729796681322462,-0.041298673813980114
7.40289335401074,0.43235869795159615,-0.21110992522009148
7.477133285302365,0.34197480632564725,-0.3531093405154276
7.496687233388725,0.5892410819815211,0.11343508983382748
7.497927330908346,0.5165194380120577,0.3186473625984597
7.5489890718277275,0.5509378116336106,0.37001404806344523
7.599230420181337,0.4512604976078852,0.34219701565965865
7.615646938798486,0.6509771312459623,0.0602029134134312
7.722005971719141,0.6286974963849594,0.15515906155356762
7.748207201874172,0.5963850318715361,0.1349807016987805
7.737898472986512,0.3367781920571481,0.3483478611313712
7.756609543001111,0.5170594203580863,0.6266835504444422
7.846400040547531,0.5180530841805432,0.6782352668017071
7.931529047038546,0.6782163618536079,0.3490152957172721
8.03328855274206,0.5250243932573648,-0.07489739441920326
8.170941304884495,0.5183883351905157,-0.08595105307820233
8.12623519252736,0.7538691101737487,0.0068745847124157405
8.125811557233126,0.6070996467205255,0.09488201319591091
8.094376966078975,0.4770120428553613,-0.03589929213735786
8.106845479639741,0.3497234982369396,-0.1586233661021824
8.18284828630133,0.49933465453687625,-0.5707975750649763
8.33200802049859,0.608045986900535,-0.5547643239246224
8.441718207930156,0.42008894291747345,-0.3100257224788854
8.453395496415338,0.43224337872662927,0.02329792150305002
8.460058449042414,0.48851559805169764,-0.39250469499689605
8.479198825961594,0.6388582269040288,-0.38343548921916737
8.46980702607907,0.38224716347250637,-0.3213141329964771
8.461929121638262,0.48501220332375383,0.11031278935958334
8.527080693824345,0.4638109028766996,0.08135976209096805
8.584575948106052,0.491077882440633,-0.028325222395510104
8.60715224785823,0.5098745777637335,-0.05492959383560706
8.66993023393037,0.4649318472121213,-0.017800948333818928
8.82142439699182,0.5234652005155086,-0.15230270437317103
8.830432721112206,0.4342766681882506,-0.25015093062337995
8.835767962456373,0.37584987690508775,-0.527780906103324
8.922146183413627,0.5756351569287381,-0.46237533155925525
9.039320049362429,0.32465305837493375,-0.10198372880599482
9.022765268882083,0.4664284927113429,0.06382982308275612
9.171593213951335,0.43771454968987167,0.24662747146082437
9.371208106843415,0.3370407014023673,0.11010967232200321
9.454710166785427,0.45308522798050654,0.26484957625393574
9.485762209924728,0.39962421084366295,-0.22208126787838897
9.499791951137883,0.538361395381677,-0.21306716833935643
9.450945339229815,0.35656350328411546,-0.4454128647471217
9.44528702568133,0.6341311919700134,-0.10121823624759005
9.436672542733529,0.7081314656765142,-0.45125190172295043
9.488431025242178,0.5607566864331358,-0.13943523689078735
9.5684780010337,0.331044277392173,-0.14448500920559665
9.70992475412487,0.517984541872806,0.041981427928213175
9.798528690367569,0.3442047682323332,0.032374812464223066
9.879663670154308,0.3912219064738238,0.05047598802546259
9.962451247166356,0.36806521108625945,0.22031654134100426
10.012025636978006,0.581669851771357,0.17089306241578686
10.03219093756455,0.4546255691463558,0.23090854129156618
10.071886225962658,0.5818484734638539,0.11439558572174538
10.168219072376703,0.6129069437535143,0.09241087067572537
10.098543294487587,0.359484007763554,0.09260038177134015
10.162180778996909,0.47389727467532045,0.2799273289372645
10.22259236256049,0.4349415158443143,0.2940056818274702
10.137747202894298,0.3650536428574477,0.15760293000250158
10.066286169725005,0.6223170950591457,0.0359889390330984
10.16128207691116,0.5919827510147664,0.07068135255339413
10.151664955429496,0.41273693726289895,0.009434657937050173
10.166760873183849,0.39938841069165043,0.07089487010155215
10.380989678658791,0.39294219203228326,-0.17203093915295103
10.477376662796186,0.7309722755406187,0.015448214497341428
10.552843543637586,0.34300396623426566,-0.20213407431606356
10.693080614443746,0.5555376816806908,-0.28707962322697345
10.747959205647387,0.46266007316234303,-0.3621655590762791
10.739702776433365,0.5343618589535217,-0.10204742607795786
10.857004138451957,0.7357376365032708,0.19084767111677814
10.863435122259816,0.46374649749006375,0.2710623293935109
10.871162761737512,0.41494435413378045,-0.04369135276848431
10.914498634568831,0.588410083655918,-0.31779588143354875
10.912638075786038,0.569476103084654,-0.2780625893704249
10.93151586244491,0.6205628077952837,-0.04252386536161368
11.06040975501411,0.3360603732335944,0.204561421262779
11.172008430045748,0.5932996642650568,0.2902799013795343
11.22347500024032,0.5502416632187027,0.2932821605067355
11.334764127095166,0.43508086750963204,0.3054939261149464
11.312966231894105,0.43104596789196337,0.16315539602511386
11.280356014864344,0.47742863524306667,0.09805440281112095
11.25303327252142,0.5024642098428584,0.05116688728895171
11.278715862090046,0.6495133745517412,0.05859010380640091
11.296512747988228,0.5538022354796843,0.11168280384817364
11.44468906881673,0.5175545829890508,0.10518427800472663
11.527666789801927,0.46370427210312926,0.11849238585200614
11.636924740108103,0.4519868132304149,-0.28879971231514884
11.73747489717115,0.4868961593001004,-0.3856550699924971
11.856083283091122,0.32990064480612463,-0.2424040363441901
11.892813384740737,0.5648636334720961,-0.09435710102884598
11.955582913496002,0.4777587221544434,0.2500812039952379
11.953204049373904,0.37727402190791426,-0.025990459399640065
12.009156666866406,0.4289128069588759,0.10800667400549496
12.035636517090321,0.5950502755282625,-0.20702555750194246
12.073235647514537,0.5269669357397071,0.005747010541748754
12.129507673865827,0.5459929025822144,0.1448104097621032
12.17603986323758,0.6249201767487533,0.05691989621178212
12.249784901106024,0.5374977938339709,-0.046713996878130076
12.269867736039041,0.42591675920322974,0.037343948065513
12.287103258402391,0.4365394964706643,0.04888391919851909
12.358248805345628,0.48269651213030823,-0.13100606658038527
12.404761140004165,0.602352152246566,-0.3921322259672068
12.503438101119734,0.497582302290187,-0.2812061258579646
12.551008125155782,0.7402026281835457,-0.09265792931940917
12.578337461179427,0.41236813320258187,-0.11946999031784981
12.591383241767202,0.48209880328825144,-0.011817840967945942
12.671831850993799,0.5988882737309018,-0.1511854324302993
12.694127246648176,0.5275510562348253,0.08436826190095117
12.800263913536757,0.5393263151383677,0.13884087262498918
12.900951200477031,0.5114533366215464,0.6356829292555342
13.013923510833568,0.5401343627024789,0.43389237627161653
13.079739512100986,0.3968423753129842,0.25942998000127443
13.094642911644813,0.7965010351720723,-0.010274959357117391
13.126878124520331,0.3872172779498694,0.059485842053803265
13.248765632777907,0.6091046102164668,-0.07467613118158864
13.230681918294387,0.31356684716909056,0.1280825063083957
13.200396558527569,0.48946080745626735,0.17641717855962571
13.21450834846908,0.5800498241765972,0.45618665219176924
13.227565092455457,0.637680349287893,0.11080012019841382
13.20690360150844,0.5323800127605945,0.2579879377731531
13.276340547405175,0.4843269601777474,0.18168914551286272
13.34816972210914,0.38444319518942827,0.022643132161827922
13.435761089042263,0.5807293124811084,-0.1998231145673269
13.4320981496236,0.34441013495101047,-0.04741251803724539
13.521590193064888,0.47407495574197744,0.24699256190173932
13.62701352430785,0.4161612508882115,0.2774714552770565
13.683298754376999,0.6214509285305349,0.13514466620440452
13.681733604105865,0.46966915380640517,-0.06622331244122888
13.787785127694622,0.5048385118285803,0.023428838202732283
13.832319744773859,0.48100056128176205,0.03556362234960078
13.846505805550272,0.5139342593621264,0.6397796721008282
13.892515188635087,0.2899081138548082,0.6724259830830683
13.947226991008531,0.40615320897941515,0.569676687845859
14.009160151125338,0.6073087345410313,0.4139524245149142
14.033694634847414,0.496911236442842,0.3178241539091987
14.132804068004527,0.4551079172390204,0.45655229399991304
14.198737407759756,0.3923339491822334,0.17208913608225823
14.299645825154572,0.42283716775831215,0.4000363049680987
14.32168397426906,0.5340600019099858,0.1330146026876674
14.400292222711988,0.3315214605179538,-0.06628372175870167
14.427903225035662,0.35309204393637916,-0.04108499993054088
14.558730359110111,0.6338115216447682,0.29986666116127036
14.552548057020317,0.7212191309384686,0.4109937479115316
14.620541136571896,0.5041689037131941,0.41666970873570786
14.55859193730699,0.5002782370921579,0.03443942588413346
14.604912336925404,0.5089608159927609,-0.2911124701116784
14.577790538974924,0.602244095239381,-0.5467075504353902
14.613370363178817,0.6318764615727195,-0.09468648779592415
14.754916203629621,0.3813302882312066,0.1983778121886044
14.90944375865132,0.4533185054210218,0.2183752603277248
14.917611706454235,0.5522418613282565,-0.11664878156495682
14.994543200395382,0.5254249204134929,0.1736390696579838
15.094909976191076,0.5091434127558996,0.028813008187828032
15.053766931597313,0.5948939989837594,0.3007704194477612
15.111038489828692,0.4538370409743539,0.1505461042838795
15.174310259126358,0.7546048333404476,0.08066158563038045
15.167250707878859,0.45370509345746407,-0.04888186337940728
15.250504634331756,0.33817892052868387,0.030985991051251285
15.274323495515784,0.5435555848374813,0.02330520621871926
15.283666196600599,0.4755199758193699,0.1430050380149113
15.27545224133203,0.4919740953792454,-0.12904672501723957
15.299988913469848,0.3936598354482147,-0.1664900764979277
15.306247677819501,0.5734244289702979,-0.03261949688632243
15.368751392036135,0.4382187320743384,0.29139965923162015
15.481609464499215,0.5389960586029902,0.6614442574953958
15.517146044763837,0.42513646859636667,0.1365077289402935
15.637344439397836,0.3312750576546929,-0.0999923585380858
15.738668474131094,0.6238549954911933,-0.10734041059801547
15.746421311899713,0.3654631547764501,-0.1548255638587469
15.655952079064615,0.4753491307445859,-0.10010346898241412
15.72042283926534,0.49877217228876825,-0.1217048875912442
15.777550174245999,0.63112102303924,0.08461873683009863
15.823290968753282,0.6249140641691119,0.018688629780456364
15.910620947440943,0.40868010942183886,-0.2895757152338441
16.131091465117063,0.5773107206695237,-0.1836170567527972
16.167168033749192,0.5425178842274702,-0.2045574745933464
16.203390111092155,0.47091939198559624,-0.1318078369771544
16.278909153841013,0.37796826227842245,-0.20379638661898677
16.34575374117568,0.5193330666952733,0.06723034699000063
16.377062947102882,0.30060691637319636,0.3004536578191379
16.467541480242833,0.7122270090682938,0.3888271129303286
16.537703313771086,0.4296937101998856,0.09514098812887528
16.522751106804538,0.45658898205040194,0.09994163444526052
16.566998113745363,0.5123230272914662,0.07790081614823566
16.49485247954926,0.3976580689649354,0.33483284139613023
16.526967609337543,0.5510279010532071,0.22260756771284235
16.605357398800493,0.3418742429080519,0.09582766796159706
16.64002409809364,0.5725766823163032,-0.40640769119292386
16.729933173981575,0.6143987919202163,-0.428974838754888
16.799582765574364,0.6639488659417503,-0.3958721062377526
16.913406778175478,0.3769224454233919,0.19361616009479132
16.872033213853122,0.5937258089563939,0.09321962676438814
16.999179685190242,0.4267246370310004,0.25829526796963753
17.121388279780646,0.5470602600775045,0.2289746061828886
17.151451586270124,0.3727175387938493,0.15220206512229822
17.19908871908003,0.43459078930071665,0.2584593942823669
17.332756382825046,0.5386965298854542,0.2063841513851903
17.276855538145423,0.34672646311042404,0.327575911140668
17.241020305799907,0.48776530973588944,0.09880602522230375
17.34572151683817,0.32571756682664244,0.015482582876058179
17.379211660413752,0.6091551424313997,0.06856581421313833
17.35774622556714,0.5494595748321098,0.0416054727053382
17.373594347959372,0.5325176796529064,0.17140044288141099
17.39622041149223,0.49816509790958935,0.1480175627945396
17.45639310324664,0.5366457166297972,0.16316866900597718
17.498996991496078,0.4395660928436688,-0.024500732347490232
17.489288675056443,0.2566097743451965,0.21741366179583368
17.627156608582222,0.4389110108431411,0.2059281192179159
17.677681177411905,0.42020405222585555,0.29322246675468316
17.732144252030096,0.43164061998350767,0.1898518944766898
17.74226571451231,0.49728415665959236,0.03613757195466383
17.894412964085113,0.4926931031592927,0.05612763060867906
17.857288220972634,0.5040986789775942,-0.005973682878310439
17.904778817072092,0.389590999544251,0.1103658406730152
17.971047992341127,0.38855241731286544,0.3126176066929802
18.087531283734766,0.49541192180190813,0.3705799787900114
18.089862323868953,0.40888915792562297,0.698596942166561
18.236416274749814,0.537249570979,0.071850232251225
18.313339586432413,0.5294524742453856,0.025832224496756748
18.298025885869947,0.4364679547040257,-0.397379650434258
18.286160071944447,0.4575800977971889,0.12807747633462457
18.319863733102377,0.5660010593117119,0.2521065047737626
18.381515306528733,0.48213900254526554,0.5370532353550479
18.45081014036347,0.5596643833533712,0.2649404745026187
18.556079106477917,0.514697714854008,0.192664704130712
18.64128793715323,0.4673926109992919,-0.30446176538225966
18.782013957319776,0.5686566006151562,-0.21833464399302216
18.671369191839545,0.5312491680257139,-0.236434761502259
18.703012523966766,0.5634241143059222,-0.02449512305622803
18.697781973391994,0.47124089805498115,-0.13733685171666637
18.786327361576724,0.4541863012786266,-0.49343103214960954
18.75056127538294,0.30805648957387954,-0.2859253207704945
18.995980119515252,0.43652095541272606,-0.3373925372712062
19.05400785478049,0.49800245712800967,0.0038014421224759898
19.10570359927591,0.4007657160125149,0.17098689392919306
19.10149065132815,0.5081563034984365,0.41248922325821585
19.22652047398088,0.2892666377908817,0.4645501450404642
19.202881718725397,0.46721538926474365,0.06650676148300605
19.210155002266372,0.41451388858493243,0.08204382276639915
19.330955109194676,0.4082059164825699,-0.17688624859477992
19.400599125750766,0.5395265965814262,0.03628096133409563
19.363966673914398,0.5428812314620698,-0.48027368756532285
19.40919234269776,0.3325787792866911,-0.28238997950819933
19.47747408983722,0.1830625907331414,-0.48182550911536426
19.367207706433305,0.36106272414962726,-0.2701576061193921
19.374268775026348,0.3324957794359137,-0.20647187628621738
19.473761148161334,0.2740520887554351,-0.12141666458272085
19.495081669059523,0.45607475051104457,-0.0838420250907357
19.48540267089044,0.333668773248899,0.07879253218822407
19.603167332398534,0.43912473531987534,0.36934892485520254
19.606000573359182,0.5542463861500238,0.3734964671059215
19.608572512029994,0.49547398380049884,0.06994707333116687
19.569094513893766,0.3805090573975811,0.18000631290204674
19.643842365721742,0.3667207120350683,0.5354389437814348
19.645894370661107,0.5239308466820346,0.7490545166045013
19.770946864153437,0.2363839155598438,0.40631985293023204
19.82483962187262,0.4115755735651256,0.33527436075495354
19.918923922843515,0.2903385810588724,0.13992504925528762
19.999108984256452,0.3601851799828728,0.004652893886772785
20.00743752410692,0.2667721446027167,-0.2045812414111391
20.12541730410794,0.42106740867624703,-0.2139198845663003
20.19684220750954,0.4317347057746795,-0.18033029153904562
20.239297754675412,0.3809979171484245,-0.3779843709042255
20.261252780400934,0.33435067284102216,-0.18500349378298375
20.326823729220543,0.6416818261692028,0.08242396041991684
20.219173503984692,0.31993899609131854,0.49379709306967146
20.170293902418535,0.33887239865176855,0.384388926382807
20.252478744976607,0.22173203518964268,0.4776300730983419
20.278178210809365,0.5024219456672758,0.3773544530360897
20.362389941654335,0.22834589146472672,0.7383485491069486
20.405018697991824,0.4392277096172123,0.44411740773592895
20.526168945015915,0.4134003873956757,0.5923324808026476
20.512202016795293,0.3827535023173358,0.14106045263436542
20.4791139190664,0.35945719650332386,0.19611015771966647
20.476038737343714,0.24363645415485957,0.06763282981856975
20.501899109611895,0.3091148988255846,-0.06642411309933423
20.469716624869626,0.25966356562151754,0.19093990593755467
20.53981087720833,0.6029976176671042,0.09578504350550542
20.601596561732563,0.4551354778302217,0.4474666389988498
20.632137462167332,0.10250958910480602,0.1507631347277617
20.75412487820308,0.29044667603636604,-0.06953421091487702
20.808826218824322,0.45175754961602527,-0.38043827074594616
20.873267412158874,0.21491698701815423,-0.2557562534373227
20.97618798053269,0.3856164552225305,-0.07163591583262173
21.02603161441586,0.40011113842535995,-0.12109997152358672
20.978835814465008,0.34605982863102236,-0.0613942136897937
20.988267040690204,0.1819137134436071,0.010565342043141107
21.002395537199448,0.2641460088973728,0.1297291132242618
20.98986827036095,0.40442707620897117,0.16948918639503024
21.008883993410855,0.2589773275978357,0.44410318589770625
20.97841485739447,0.25824732456425137,0.43683100168931316
21.094996896128833,0.24861119297732243,0.07786682873027564
21.1459504807553,0.2450201685471894,-0.2566340712672465
21.165496478135278,0.35147617350661203,-0.1663759436724031
21.233130927228476,0.1775410281016588,0.17843222535198594
21.37843351159019,0.37704628643230825,-0.09853630359242177
21.389376276197865,-0.07874331706619914,0.020547957152270507
21.30533628872313,0.2944962465237304,-0.022605143096937633
21.306897218938104,0.5792627057901402,0.14195924049310657
21.381431645467604,0.2328228796027708,0.07506104529936135
21.304685980558382,0.47672622566967854,-0.016192294006413574
21.251000963827714,0.18476272425533663,0.11817600570488304
21.368663843426898,0.10477317152691533,0.012410847593355983
21.363602904601425,0.054975669562164514,-0.2629489781903396
21.314374342369902,0.09435350211213084,-0.03336777101174679
21.352840515834664,0.2367170122905257,0.0923731705014466
21.399987045525357,0.030141946819869737,0.20262744427835355
21.329040110790874,0.22262519033444994,-0.030891099027940676
21.400431880122255,0.528385397673492,-0.40680376893726655
21.425233727328482,-0.023871692369291236,-0.12495974045733249
21.441997215222912,0.09431212409272172,0.034623614489359605
21.421192373040203,0.3361101749090259,0.1787873851165379
21.476047403883697,-0.020589268792521404,0.042422979930313326
21.52952413947565,0.18526069282558816,-0.03339346445237382
21.55257817211463,0.21189541853810495,0.0896070259121708
21.621399325475195,0.09666652903611506,0.12465240628601347
21.671443822869065,0.38063510230316056,0.06908891565386582
21.719203154988517,0.03603042400095184,-0.2476941957532153
21.65069605821916,0.19396600154139254,-0.466827413441179
21.732022385632384,0.1691877026485229,-0.41372163742531876
21.71340958723623,0.43005903772753484,0.0531122324259547
21.755236411783237,0.019224986251614437,0.1827170034804556
21.707124148002855,0.4411302755281005,0.24665265536180514
21.811660407214333,0.21424516504308433,-0.18362170491247415
21.755705024792817,0.4063128122132882,-0.21041633380507946
21.862393993993102,0.18792910540364272,-0.21560762395348654
21.83959849446097,0.04942697523957765,0.02660406176170453
21.901439182751293,0.2648126384242946,0.3643369136788406
21.88509111953787,0.11492961614699315,0.28108701810388514
21.908888952851143,0.060528364647085116,0.3135486185815932
21.8502584761098,0.057627851428284214,0.026016514002582806
21.887040125045495,0.19591185601389977,0.2457641826167678
21.946541728525506,0.1478106136282772,0.19253631280381267
21.903793214697977,0.3065769988617683,0.2854241010931641
22.01425257169655,0.28500304739070553,0.04280675513632906
22.02517027087646,-0.10101665043220256,0.1819174159197402
22.03429370183093,0.4123363170050608,0.003823328576174609
22.040612116308573,-0.08708975376223149,0.10465118880181246
22.083742708773524,-0.04286685426647724,-0.1320536556200009
22.017839604625323,0.2704608417628858,0.2978121864586174
21.991764669083558,0.026763562839214272,0.1555024180550058
22.02928903496597,0.0010436704973496025,0.38668204528031525
22.023249411784924,0.45986222931000426,-0.00498395832674893
22.056419206925295,0.3050927322715826,-0.04892762194999865
22.10861226970132,0.25203605215414215,-0.1354421045089852
22.238596927242,0.31138244487977623,-0.17912839971349
22.25828713610784,-0.10879687069263487,0.4054314119037813
22.312860620195124,-0.11387170818183984,0.4615893783114718
22.321718121701053,0.2583811663331954,0.5854805482954832
22.171959435768528,0.2632988692625493,0.2514841421633284
22.120745461281107,0.11432412553164792,0.23634782880684804
22.143551371736486,0.27715639594304153,0.37933879228478284
22.16524164966806,0.2606353792330901,-0.03955925132454963
22.206657711762634,-0.02584069842975635,0.013498952905203393
22.36942943521884,0.18054027413510204,-0.07243503333628282
22.364496574188102,0.1554086335230192,0.27555196866204956
22.290750115156502,0.3437839361002939,0.3525462478630788
22.286123830718374,0.024365737157728287,0.5939650148178646
22.275095485678055,0.29810680880486495,0.5806321945295484
22.24296603954546,0.02057742597170424,0.6240756351954435
22.26095181669584,0.12036621194979974,0.1844114922551208
22.393578588399553,0.022002813523553155,0.022712381981378843
22.41368943098827,0.09582866720224932,-0.41371740411079855
22.424137795451486,0.1124678922532652,-0.21977825273487922
22.518720596564762,0.13199445468167487,-0.026432440688680614
22.487993515381024,0.4690191806267653,0.031695190610868396
22.483928085503894,-0.19795659845558736,0.2235307478788639
22.512046413227452,0.11513357680432075,-0.16922877463347108
22.626585212516286,0.12038728180383079,0.03796629529566159
22.57472860094778,0.2877768820747768,-0.25053123507323427
22.66502518760623,0.07787494505183618,0.037468451972358346
22.64041069416097,0.21631996556055275,0.10949864584077895
22.594262499810313,0.19982639789735543,0.19543457189571267
22.498509109508483,0.10850776142515367,0.2322425253272133
22.477466626821855,0.04486038789981377,-0.013008405067049922
22.480565892166442,0.11699036700717591,-0.1383434635189552
22.463625949128993,0.3805636750062793,-0.021469676247333175
22.54441137971787,-0.13316455376046812,0.17147615053402987
22.588676405703424,0.11809227038955067,0.47603036002046556
22.61947326976911,-0.18313689412244175,0.3862659408818505
22.708593839060722,0.2716405762572717,0.23377967644472875
22.738400394827675,0.2203902259968688,0.02332522739283934
22.700182078075834,-0.0011074658244215607,0.026090234067653456
22.689019113747523,0.17604288104120253,0.2554313062824941
22.66876057754371,-0.0888087963532239,0.18379340343171385
22.58531741842733,0.1953674423870321,-0.006312142450992264
22.650100828441104,0.34311078119980437,-0.1937492431955485
22.635272934408555,-0.10531302439955187,-0.26310045642063185
22.609054653148583,0.11310707430085372,-0.29213744158088306
22.732120054829537,-0.1936470776681517,-0.4405387921906253
22.791613183892913,0.2951157090889438,0.006606236386445086
22.79114491038991,0.3417280377796487,0.1574148274889135
22.84714035854442,0.26446271853728853,0.29557353896441846
22.88893548517909,-0.10111636553912497,0.06965302805004966
22.843924183683004,0.14664959917217613,0.33516514860642743
22.84738039671442,0.11475311440503715,0.7316833129015359
22.78799491776913,0.39687637864425196,0.8670386295547752
22.79734716543738,0.10685377438793847,0.6345280438689285
22.882060492152696,-0.01477302862487149,0.37367509052575343
22.882399657048936,0.19411707317798582,0.06851761558753541
22.846218615129402,0.1415497588380417,0.002954328263568008
22.89172029503974,-0.018508854351352855,-0.19740251196445477
22.887525434267932,0.18572817761846697,-0.06492422786471631
22.870689095226773,0.14775333742534086,-0.3217761085741422
22.888983505069845,0.18818944712182256,-0.07616835045280398
23.00429511705158,0.11486031798190635,-0.0931531848632574
23.01352383238402,-0.22412321610638963,0.1475367345727323
22.98304163988074,0.14281780886670048,0.01945026058352291
22.901236539940204,0.021563878725487623,0.09436870303785799
22.90084168682231,0.09376636445904063,0.09285534884534447
22.785047303275494,0.279134102071991,0.19440868178047724
22.831297573965017,0.11969217613498179,0.031081947315477726
22.781155357500324,0.13020041406027785,0.14245304488046212
22.835156702741607,0.16449031690087684,0.1324259933317985
22.823766867956113,0.12682586217467928,0.03284039631018815
22.94334612096693,0.13889768551960602,0.0442583234435681
22.889712776547164,0.17003732343877098,0.006480085605898092
22.96929513090302,-0.2825961173821449,-0.176533436069998
22.935965848128006,0.036757625017971834,-0.1694510661178661
23.01584830786027,0.2449720862682079,-0.4533664905719307
22.9512651783353,0.08936031240040296,-0.2609462783172901
23.023482462415338,-0.05284953067456433,-0.395900343957753
23.08280753325706,0.1488590818094923,-0.06247798513243391
23.061974106697253,0.11311324879944826,-0.06765271447377436
22.962320381506867,0.02366105985253629,-0.09504577645791526
23.00860200744109,0.16097555747757716,-0.012548229658261273
22.966580556527116,-0.07584315053297344,0.3379649344010802
22.844648535194324,0.017301510804762076,0.360806249321247
22.891357491343754,0.05256875075009527,0.33144147440393684
22.93067100268553,0.41355531598375406,0.2206466030705645
22.962285903927224,-0.029696044279168353,0.09935500573396278
22.934338719519268,0.2839269477776176,0.18920060487032372
22.999071941641176,0.022727236890905014,-0.05574511441446772
22.953364300865157,-0.04889360600415951,0.11913412875492471
22.90774886143975,0.025861158737064044,-0.4052105787156649
22.86099092233829,-0.044611552120883295,-0.316833546815962
22.945527019542325,-0.0748987241818522,-0.5170548857114577
22.991525360517592,0.1018100485172129,-0.25568590165302507
23.029880052237512,0.020032848746929316,-0.2180327553083888
23.01249737537702,0.019960470995585095,0.14870813679977674
23.005856058732242,0.2054111909324195,-0.1486409358158858
23.02409391417391,0.21129891924546967,-0.08735281517526527
23.09679979421204,-0.21954185350378386,0.20968433245604085
23.069518637530216,0.11968077304003163,0.7621576831067431
23.199625848921777,-0.1381097203582761,0.6616899348142325
23.256749025875983,0.08755979554194201,0.34361716233691086
23.218674987860133,-0.027783406078850645,0.0402590919899032
23.132213150039572,0.04204809021880632,0.008034226494742128
23.209686409560426,-0.0022837405149427614,-0.1840112995654748
23.164288289300266,0.00559284071737199,-0.006064002884140787
23.113206270214093,0.019024499654218457,-0.11682495767851248
23.09979626430676,0.11604289747262292,0.04859296555284863
23.11391960864016,0.1462921001904581,0.17165646715084515
23.133569977387783,0.1326843054413271,0.3715893804993661
23.146765980384373,0.09419771586628332,0.29147726065376983
23.20649713520995,-0.21089130610569684,0.4778518354536047
23.181770262062265,0.01766314599401974,0.5529399848919102
23.270031219354642,0.3199817683090965,0.37001192221785884
23.306810228036532,0.07410990718329508,-0.18495523172542105
23.29654608298139,0.027702457299941703,-0.600852918409061
23.219092733573703,0.2944024830577518,-0.059704998366911954
23.257517729418232,0.32690999004202886,0.32466936439376076
23.20320872770975,0.1228378129818116,0.6318778020009198
23.210662379022644,0.12541081224946138,0.06215572204201636
23.24953838582735,0.19082169335829235,-0.36251369893463725
23.31365029804866,0.2543405960689675,-0.38917117998249845
23.371916427147134,0.28813567713146926,-0.14300771101729526
23.40692539274409,-0.21268994541695654,0.1515975378436849
23.420607671907714,0.14328453112057668,0.16504341083079788
23.499855457931133,0.138665998651576,0.005989863245758287
23.494799309684012,-0.12667350585834253,-0.2909059996571577
23.478556302394708,0.050275753768753345,-0.02955368297229699
23.435331472275262,-0.1936167754409283,0.27739166488315214
23.401127987862104,-0.1690412269116201,0.40115579120899136
23.340132864047817,0.18441127602016572,0.2528420046826607
23.244335765262946,0.24371626973591165,-0.0720286066495425
23.202209880853804,0.4012694818477569,0.21658857106012175
23.200133414781153,0.08013124781919483,-0.2611237759871316
23.228608466656816,-0.007547131183001918,-0.20684258108901307
23.232782112098267,0.12726380945240315,-0.33957765588930466
23.319406834907056,0.26060291667877516,-0.2654893274298121
23.40963189863573,0.3520464599022576,-0.14496402089176955
23.428721154498277,0.0639653301092763,0.0054637236301600944
23.346111947209685,-0.056115056692474394,0.2886205539031725
23.275970729246158,-0.0007395126499899207,0.23002348933836914
23.237963433959234,0.08543934622893366,-0.01771052584127307
23.116527277091734,-0.04665593171659768,-0.07640058470512848
23.19325441552755,0.14861500096231775,-0.19046421991284035
23.298012832566517,0.16323815183890003,-0.023694412048647473
23.454080631003073,-0.03184858167256374,-0.013953631927590276
23.5058266492806,-0.023330590238461263,0.007549975719775594
23.57215202448562,0.11378726499702986,-0.30284270524918633
23.511523549835896,-0.1453747913259249,-0.19973432484347503
23.480160099558642,0.17236468145065198,-0.011634660155813381
23.475689215328345,0.2130880963303118,-0.03874631941128431
23.540019754182957,0.11059981634993879,0.2767879665738521
23.567618497203036,0.2411000345125062,0.21124392481957907
23.612484139741245,0.01006786085515574,0.5075328367602381
23.656063345781696,0.15757250147451085,0.4705239893320124
23.64920112713284,0.030775748108395368,0.4637933667432037
23.638890336276987,0.05473146209858411,0.6153791874551613
23.787414195787406,0.08659536812923914,0.21823592258707927
23.778060580472314,-0.0490119446499529,0.36121923233048925
23.761694870176274,0.08479179043654678,-0.08861453884133622
23.720683624482252,0.15850623854995433,0.10090881021394242
23.70305436867262,-0.05193879008500654,-0.5872568592398995
23.632192406694898,0.1314164781800178,-0.1600401217159207
23.62207051146874,0.011539882558986594,-0.25896951415951536
23.66714717112547,-0.11701006860582773,0.15920853532912274
23.73403956264314,0.18662862069427247,-0.047597472129528307
23.692293763632254,-0.0985484984071962,0.43240535829737853
23.59459003818591,-0.028453273002297358,0.3468379221126018
23.577579524469993,0.21913224397036513,0.03704783061037725
23.556243303813346,0.059796474511454686,-0.08966851861249459
23.42148400492085,-0.15984180010945656,0.10604257376496193
23.481582022172276,0.22740237305948283,0.6252470827991534
23.550272731211805,-0.14056075720017525,0.34116970549910813
23.584801747058208,-0.006727544895722901,0.5666391022374994
23.58618402347094,0.09434117301770314,-0.029887862378333907
23.68359123518863,-0.26990259412445045,0.325853286382868
23.723608885057583,0.17173108224383096,-0.19753041955990858
23.721452918299445,0.16472731720400166,-0.0662950794759771
23.746043348682004,0.09048198127243003,-0.4742362942072767
23.67085511785519,0.11164249502443133,-0.14319594011303122
23.66130047248467,0.016896903608259004,-0.189421863223444
23.558107992432507,-0.061426261923071386,0.05197428655421976
23.55102891419789,0.07618690362607472,0.24828097420275247
23.48266931889137,-0.02453951166807233,0.607220669186147
23.59243992852962,0.019855268111238264,0.17717470412101688
23.53819764977581,0.15026016395462077,0.09059242389945803
23.59152245678916,-0.12238387268932749,-0.26232740582792013
23.599334809686113,-0.1610507971249028,0.06414637072047522
23.681640592711474,0.07845362640344294,0.190905856568158
23.722986163633454,0.09225469797767993,0.1943222850066479
23.808573592267518,0.11927813108932436,-0.42701764447490814
23.80063040758332,-0.06942395011616395,-0.6201098901798083
23.787973693072257,0.0008684356443543436,-0.34335774032436533
23.777252375401495,0.05419430020742959,0.020043131355694563
23.71154646939983,0.038543607656040146,-0.16404457929207222
23.68501860900735,-0.04761236211452345,4.6316249684486115
23.71700132471706,0.14140451662049974,10.37833155949521
23.713089976774754,-0.06768267243916704,16.19561037490611
23.659540697505694,-0.466967533220408,17.278038866264307
23.590559596726578,-0.42911293381292837,17.76503049592253
23.51449744512062,-0.23846395561942862,17.848555302212034
23.39554609859728,-0.5290952966076471,17.667070702571362
23.29231943826911,-0.5945090270481649,17.511678938701024
23.23922374408498,-0.6517404030609507,17.41911189670057
23.194644450790257,-0.7244759823747176,17.539964411116358
23.11307530005633,-0.8319771241897319,17.4023132359184
22.994954028954176,-1.0656544898397349,17.478116800808728
22.905478316695664,-1.1886693601050016,17.43624024014082
22.793128215352493,-1.2631269001651884,17.458690756224094
22.59540939210618,-1.3381612700380559,17.37985893603307
22.448165764083637,-1.3265598180377256,17.34613770281507
22.340464510394124,-1.6182159666752884,17.140412293034018
22.16701362582451,-1.691011132070724,17.34787807533811
21.975177245740976,-1.695868863439581,17.274628844100732
21.7707496982431,-1.8553113076653218,17.586169590356853
21.6033392400816,-1.9988543888700598,17.53718256925107
21.38686142828885,-2.035962967245246,17.749932291487244
21.207654129932294,-1.7306966336019503,17.358369933702697
20.98693008576346,-2.0095464247089074,17.460750423097444
20.927918799514963,-2.083305605700076,17.296524112102063
20.753131489346796,-2.0116765915795245,17.897991341593006
20.609045565149124,-2.0321242766117913,17.806881820219232
20.44607587396837,-1.9517933272664614,17.86632756142817
20.265961306929093,-2.192767257934561,17.326703079714378
19.99392709248032,-2.0048897183474104,17.473062841083912
19.693206158522518,-1.8295894483744508,17.45845890338103
19.466494543320696,-1.9048550722941913,17.953138672599657
19.308853688056246,-2.0924465988129555,17.69535035396472
19.104588057663342,-2.024338397937502,18.126231562934088
18.966145595082715,-1.8374041084637938,17.612976343279254
18.790408357450474,-1.9704375511252905,17.699078636618843
18.636903289539006,-2.1167779551267936,17.189738192535867
18.537849413858307,-2.0588866826738697,16.410901761399064
18.51947812096364,0.3068592943071706,14.175579608449464
18.546798231570424,0.6246267343122984,11.73237697446195
18.702858253072456,0.5519614459847801,9.398932617500291
18.72684403404596,0.6493938199798345,7.577189595567141
18.661280712589274,0.48526996027449815,5.886130555935624
18.733508918186573,0.3051054316953529,4.659360293818663
18.754472207998504,0.4857642901311523,4.066041154143917
18.700307294245,0.5864529908540795,3.304313593872177
18.80730847294582,0.535973676435746,2.6284727576759876
18.89770867513789,0.7023600567542475,2.234114718634241
18.915526629214643,0.3369146788133993,1.958406883306743
18.899147686735315,0.3068617452555803,1.35780710609019
19.013235542931916,0.36764341635739484,1.034337486529675
19.042722514549446,0.585338334907241,0.4648280211553796
19.045449422000367,0.5278619192065919,0.7545705496649363
18.999951239215452,0.4744779244685393,0.3464954968934619
19.11254748814457,0.41660156458005326,0.2785765395713974
19.06623087751122,0.30301424452771264,0.1837573584727263
19.095874719423563,0.3904566542705413,0.5649559281094749
19.254421359851303,0.5160978947178999,0.38185028725521086
19.402656321402787,0.4439813474781791,-0.07289186584610197
19.389820610102014,0.4108626922210805,-0.6647952056831982
19.46761249207398,0.33097511275506,-0.3902569951542483
19.438641253908877,0.29958575766883444,0.06815694394967878
19.376413501482663,0.28069460419137937,0.30892035158895126
19.377182069139216,0.3902921391291934,0.2738804582066518
19.445537876363783,0.28015544767771144,-0.055250415623674554
19.497034768409844,0.5839593545667205,-0.016053685136504542
19.641409448698028,0.29728223624420663,-0.03781550180083487
19.65270555840644,0.5166112399194414,0.16064462370523855
19.75271533182795,0.446122885714482,-0.1345394262681108
19.749421375635055,0.43387767887654666,0.163531790241457
19.84645870687254,0.29773322840469474,0.14960758619944986
19.867161724057006,0.26358481882267115,0.5462247821005446
19.9669222604984,0.32492326827459,0.26435287853465295
19.91791120385156,0.43678345390183926,0.12473946136110618
20.003857414378512,0.33880748924756177,-0.1903965538710044
19.989340313476877,0.42993740748826115,-0.08721035720312678
20.037426510373752,0.5448090276881934,0.15055380256784687
20.049454644711588,0.48305556193901733,0.12775714490805729
20.125701418614344,0.347735620501525,0.09526273639614541
20.137584367242994,0.15760403178948412,-0.16986577067342196
20.157919359274473,0.40705961850656613,-0.04076789247385637
20.170093421449337,0.3372915396317143,-0.1104598119287932
20.181756234978707,0.39129901797112077,0.06684267683239589
20.18342284035792,0.292049253425784,0.11303775579404787
20.207961571335495,0.44510296241150227,0.03488987596483223
20.332790403738507,0.24220975202570474,-0.14678589260344127
20.399848138344442,0.29552843134520596,-0.2984481362221001
20.533678754664294,0.5094404013054126,-0.4403816716750446
20.522606790840182,0.29583567313181103,-0.48528930481698807
20.633611209772525,0.5062695262972645,-0.5095739251114728
20.538930527544053,0.42095423618665384,-0.35930589559733805
20.56451978601286,0.40965735836310563,-0.26708993415063215
20.53126874017397,0.32021166064581685,-0.3129018190205103
20.604019730790295,0.4704180588660754,-0.3013944681710681
20.556164029701797,0.3931658771551557,-0.2555904545918044
20.655476116010703,0.10285638917500346,0.07450071362147787
20.674655243753044,0.23246558190644612,0.11899805091477761
20.70706345395523,0.42068763402448023,-0.10590993801588355
20.785016211018313,0.04272368292412274,-0.37250290471328135
20.785983637778187,0.38012363251911513,-0.12970488139475067
20.867179019978995,0.5182629442215175,0.07814569849002971
20.981758064530577,0.2219511336118733,-0.041612217652836084
20.991281386583086,0.2320804225498596,-0.44977677334880506
21.004234021736547,0.18314461848892247,-0.23066006655555876
21.133812639966006,0.08573882955133331,-0.012572966200695666
21.152551860100534,0.3211006486410082,0.35929888301818896
21.08305156057114,0.16815376751024308,0.04234266085943303
21.09117407952208,0.12317332916868456,-0.16341460746191613
21.15161467837128,0.16312768869444005,-0.5394110871740432
21.01732532030574,0.13605585080404042,-0.5556317431693459
21.00572061403525,0.2836336581006901,-0.18975702794286975
20.99870343571815,0.6071620594334011,0.05181399249776211
21.026241580989442,0.06871953520551702,0.132295712884386
20.958156165762137,0.1974744926674441,0.05846511608674562
21.095524451327922,0.002895127605541503,0.10999455626088273
21.111119861329442,0.24972163977119408,0.17848571799776397
21.199558133471,0.5313223300060637,-0.12398705530758974
21.244625590947496,0.04108973612667065,0.026807488063679774
21.349207665825602,0.17906409739215248,-0.011835815303435346
21.283108474132238,0.18971382079234392,0.2718980897198613
21.30264505451798,0.008586930258940043,0.11625138361231827
21.269135998696804,0.20765319199822047,0.1992777390337378
21.278040104554222,0.1073476814121209,0.08683606801799455
21.21978591157297,0.1739094718652895,0.03216420679482719
21.345255196837446,0.13312870831295004,0.28183858269824685
21.43770102218866,0.1976639126999553,0.11122732271337432
21.450061526027724,0.41246046367386524,0.11528316154279414
21.420396263401884,0.2244962105485471,0.252112681564983
21.508582611896514,0.1218920648320648,0.4050508775365152
21.469821373600425,0.07254480941450892,0.61710624564719
21.390064601115107,0.3942859807103278,0.1669831782482164
21.448520618421938,0.10299598983836233,0.11103620579560508
21.487319309737195,0.12210827653482237,0.11137144988911674
21.494316464912785,0.33202139686537707,0.11089989846117121
21.535120948884767,0.262277630243442,0.4550728915851921
21.618752632164323,-0.005954566634278763,0.4413534613257558
21.650939418764626,0.33096961710593775,0.7852864796196741
21.73806974112572,0.27732196289684796,0.43316507681752914
21.758438538507882,0.4537404853456781,0.19540563653241788
21.793860787474415,0.08571389328450177,-0.15732197148535737
21.850585935211264,0.3552468557103817,-0.17033897608417686
21.83841674778362,0.37944812655570653,-0.2722674672840486
21.863747779730524,0.41566170908683187,-0.22960747873725249
21.91267392086065,0.061076494830646026,-0.18693060950272095
21.93826714372534,0.2800324547692072,-0.05394762989897359
21.809199732295436,-0.014619128463948805,-0.2192504728456926
21.805908563430258,0.11988966582397746,-0.14128468275212797
21.8090252076068,0.3815009682259958,-0.540697669257696
21.784884722274853,0.2996399115031242,-0.42931719095994336
21.805574274566123,-0.0918687557935164,-0.47291248129019275
21.913206068357677,0.09890413350958115,-0.19909196699870077
22.023576430714144,0.48372055119867147,-0.054796873378572516
22.086492401910597,-0.05708840058913163,0.1338174899985064
22.083912648737602,0.21414839708092098,0.2548560595559267
22.02067383351966,0.24617782290786652,0.6237230583123408
22.03952629025691,0.2260763531411765,0.3152863983448473
21.994472908202074,0.16906527638675867,0.3952839579820935
21.90802572766324,0.2737569349266704,-0.022331877667426156
21.9745340440326,0.03394131385336541,0.1744582063463042
22.067789004717,0.23018934052422543,0.29465599835137085
22.078656022891302,0.10012149299678412,0.29413003824133466
22.024243258469745,0.20121139203465732,0.40421834672870366
22.14198692385697,0.10646522075241278,0.3842020427086885
22.11207118159734,0.1769396067607823,0.5783333097681094
22.186470117829547,-0.03869179794216037,0.392042923894921
22.170986963027833,0.18906289288318312,-0.15550971569893626
22.2370034356179,-0.02140846912575696,-0.43854115486084616
22.243591384161267,0.28452201967199553,-0.42268361299287877
22.270944881890507,-0.0037594181667991305,-0.2034430827380468
22.182320661337425,0.1599988817719528,-0.028886810214738726
22.2360894887053,0.06249702095566653,-0.2110028973449653
22.293592154344083,0.05150505538644275,-0.008439882037389747
22.29157241428964,0.23758758784049255,-0.3804806674686082
22.28308157012252,0.38796043614657827,-0.7657412369990535
22.275112290528497,-0.02963148916625366,-0.98222584748806
22.29395379364557,-0.059128320921101415,-0.994891208619534
22.35211453945749,0.10288981593967561,-0.6020145254478423
22.39009338358324,0.017266572905237587,-0.4927880497226421
22.390564692912527,0.27388187138814807,-0.2115101624772806
22.462264509239212,-0.08777914415387936,-0.010060310754585702
22.385034334641617,0.15431209904914217,0.004386378307815256
22.340207242018426,-0.045528588164385986,0.11518356698547011
22.26931157398549,0.13043462341361847,0.012807043655477315
22.35829678058417,0.15808140587780292,0.0018327590351670808
22.37771992612665,0.09987820665262367,-0.20515149056092935
22.398746834566282,0.2591677889019025,-0.24640007319758583
22.383669636341704,-0.046208575507394364,-0.2461960845624803
22.42258763976972,0.2877486846082089,-0.16348803829654865
22.37477211004328,0.021342136830725056,-0.05622622512663843
22.393125762189428,0.15179047576301719,0.08676553950534584
22.548838639403268,0.12170007992480372,-0.005298221862534133
22.62902877514933,-0.06540694016423049,-0.019855098194491043
22.636101151397774,0.07939520248801576,0.0463744766559127
22.662110477991213,0.31268642651441997,0.22418146136186107
22.71086183912099,-0.0008699834224971947,0.4790572304106857
22.59443910721722,0.05768976785236332,0.33493238960310767
22.56930087062932,0.26777158979114857,0.33574801546375044
22.565217661496202,-0.011228925329881415,-0.016859745147181734
22.55534973936909,0.13438288644249402,0.044440544999061166
22.55722214943026,0.4161433661081109,-0.06991213928023642
22.66955611825103,0.4630161047853534,0.17861791004944202
22.71043840698311,0.11777993514488402,0.11424304361000762
22.84492197806249,-0.04436615109948942,0.06871072597140984
22.974937629247847,0.33594206826914996,-0.16059912620650213
22.882895954901553,0.2375382364648869,-0.3339100398275542
22.840965916709617,-0.09256603298871482,-0.08227045361268312
22.838249648731303,0.06170051084895412,-0.11223848624297598
22.69568831439118,0.04652581832737149,-0.06438642154681636
22.59640174729599,-0.11283827759512169,-0.25855665633186226
22.64736767071424,0.0905484004404998,-0.19924310694673525
22.670801914029816,0.09186263184763727,-0.1810929890006835
22.66845141664024,-0.1946591682803494,-0.4525834685945106
22.746474422594897,-0.07266353387786863,-0.4921273235324811
22.73299454383766,0.053843645676515894,-0.44598358487135664
22.700648672031733,-0.05576455193636389,-0.4547991939044409
22.737813486998164,0.1706826849308517,-0.5990699489754812
22.715018339115858,0.22300638425116745,-0.6879702752395487
22.638191934517796,0.03818272745566581,-0.48438952875456864
22.66580633914755,0.05295386272292133,0.04185096125543078
22.71354615469464,0.1437180585441987,0.3436162690034317
22.660310824973582,0.22657781279667566,0.1647901984752176
22.639397755940944,0.19201783112950604,-0.2870101521429468
22.754988217539456,0.08216186335113682,-0.3632608153082909
22.785078896755863,0.18230989829149497,-0.07739136857128422
22.748165321297602,0.20416254050385063,0.27463073548448275
22.791398324930018,-0.09095049477286737,0.21545905957845365
22.809825947182876,0.10899259256908063,-0.02929905539415556
22.826521749131526,-0.04622808853052621,-0.12867853135051008
22.804671273985477,0.0369715285149529,-0.21386802485261336
22.847813098708194,0.1280005220387828,0.2958162675131472
22.804124265952247,-0.10287442190420311,0.3038490689197201
22.854473541698795,0.13551215657760096,0.2144807525192141
22.808801491748106,0.2373060986536483,-0.04451779446034418
22.830629258759455,0.07961357802409376,-0.25995961833733966
22.891543202874004,0.18088984658637808,0.039010723889985055
22.902449704772426,0.3029220880027112,-0.04657433817684507
22.907113623110053,0.04953796833667945,0.05084374868575528
22.91430110302383,-0.03766776893918592,0.02971927194962734
23.018337591723046,-0.11577543069774343,0.12657028421023775
22.990038797932073,0.09560679636022874,0.3233538088762914
23.090873196172943,0.06143395788656622,0.11721069437421369
23.03123693839304,0.11747044137647142,-0.219761238171645
23.080457771615844,0.3282830375211747,-0.7870618549685087
22.990784359042863,-0.028830732608033413,-0.8387602949908732
22.979042585777833,0.07195258053155283,-0.731843863935778
22.989600830331263,-0.007509148229957213,-0.24529259541104642
23.01028216201084,0.009221635258708616,-0.055503059892201216
23.008087185399482,0.1698964340906689,0.08404993664013968
23.030184769351557,0.04782917856093411,-0.16730598068382524
23.104868925022966,-0.007963078295022916,-0.4580823178293641
23.088552864956217,-0.21210045824328758,-0.5422978863315298
23.195935329185406,-0.16940072149789565,-0.491707152080865
23.131504781898844,0.06482900288779789,-0.336872999110912
23.131433894343736,0.27045948685209076,-0.20289641905895067
23.12884632847362,0.2852730285192941,-0.071148668023484
23.134557659674194,-0.10945012029454272,0.06822228156721645
23.108116903183628,0.17295688478792645,0.2638216798183871
23.159772234737044,-0.13873609837255535,0.41278242610878846
23.148497934897495,0.1357509935804166,0.2156238752714709
23.17347689313706,0.21039575825189374,-0.10570202065699674
23.199273555393646,0.12514578125987372,-0.24492860092303909
23.139949926914834,0.16127172603040274,-0.1924095534192945
23.22025568732596,0.12711361837422436,-0.17395885507530132
23.29310249304417,0.20742286625074613,-0.09374223263581494
23.213655520302922,-0.015007351738347628,-0.03036899080177137
23.09520480611016,0.19533664151877286,-0.12670543372523924
23.212399221547415,0.030845023320061723,0.04732678074186247
23.218099537254837,-0.015427063152512431,-0.13262344599222942
23.229616427410498,0.1154337508224029,-0.1330539891869083
23.26289815443118,-0.05916713002570612,-0.8774104943222095
23.352920800421064,-0.09413389812351759,-0.46774039304924286
23.269137697075983,0.017814455980606044,-0.25088491271818375
23.231267054885013,0.15983018931614185,0.3138642995660175
23.237426954927784,0.16861875046000918,0.3975486682219879
23.233609234152738,0.07013034823899855,0.3222237950125241
23.30777859582664,0.09622747902524306,0.3965886778344984
23.4550180743058,0.07234340632379618,0.31847928265830067
23.522077023697044,0.05114837668855332,0.3707510473070516
23.536861487683062,0.15791264551058953,-0.21960462618010923
23.618662632156234,0.34284879783915134,-0.3986024229751539
23.570516442770327,0.16125769545951651,-0.3411222430983409
23.42688430273386,0.11980218408322577,0.38371499765691464
23.38463476681427,0.2057101145141967,0.3830811495834257
23.410928630492673,0.0026599174216233226,0.7643661890066268
23.34256821964652,0.18658222925725781,0.22231715595353851
23.2739430822572,0.10500498998114033,0.2721514359639235
23.365271658280655,-0.4512212067513374,-0.26839004302163866
23.3060552248028,0.013364671522074536,-0.07706072495214264
23.250428784310785,0.013450394440658056,-0.4011553371352542
23.318301707818183,0.08069017493855414,-0.37471223805175763
23.40430110131849,-0.04995482240861443,-0.4945449507975588
23.38903861226343,-0.00024622966020113046,-0.5150142070668299
23.501907017737203,0.16764091738853393,-4.983985680387408
23.511550401741253,-0.024624212194871743,-10.358966330894837
23.451221899993385,-0.16528084841698032,-15.632915320153945
23.372854075188744,-0.13818908974594116,-16.765114942858393
23.34843941175824,-0.46698676666737315,-16.92886375322385
23.139404861728234,-0.4143115736963778,-17.322696301954398
23.155375404456695,-0.5101720025553045,-17.49809372752265
23.147663337489057,-0.5301679184243797,-17.72130413500051
23.158717340856207,-0.660197197003813,-17.662199359831554
23.08967788222371,-0.6848870594041809,-17.593506823295684
23.102367346212183,-0.9555308055386046,-17.399747094751174
22.919072800586946,-0.921521841598581,-17.383982641206288
22.73671865992823,-0.9906302359308558,-17.08725979652744
22.588489083108264,-1.2554337967313332,-17.38009133906496
22.409456671792775,-1.1708364773239555,-17.08914899561949
22.34935503218492,-1.3702916548509165,-17.4318987953287
22.22450684017086,-1.5930664217960389,-17.674057119008772
22.128103464228666,-1.6884158479943772,-18.113229254592667
21.968694539037145,-1.6050477082038994,-18.118237280854693
21.86346955529557,-1.903591098501246,-17.656582286910318
21.669626216234622,-2.0187465401738445,-17.607718974403653
17.29286285301294,-1.952606590078865,-17.893367218442727
12.920572916352057,-1.934160748807751,-12.092472630102419
